,count,mean,std,min,25%,50%,75%,max
log_return,31.0,0.002209080256655361,0.026001782229026806,-0.05575872600397599,-0.013781340372523355,0.001449614917831561,0.016330547799623188,0.05947536586532468
