,count,mean,std,min,25%,50%,75%,max
log_return,31.0,0.01009414199492758,0.030236873118367816,-0.03559136227676497,-0.008571046687980706,0.0036794578122009863,0.022921743192852395,0.09853690379197601
