,count,mean,std,min,25%,50%,75%,max
log_return,30.0,-0.002621443003870293,0.0235342039850885,-0.05811859363549751,-0.01649938183304486,0.00030345469162956903,0.010554302451456315,0.03967133472773105
