,count,mean,std,min,25%,50%,75%,max
log_ret,31.0,-0.0009492555381047595,0.019818612201452826,-0.03670645931283442,-0.015065930428932044,-0.0005920988449549369,0.009115406389041047,0.04049442150333777
